{
    "model_name": "PixelLuminanceModel",
    "fit_domain": "log10",
    "degree_p2L": 6,
    "coeffs_p2L": [
        -58.26424469403545,
        198.59993577880564,
        -273.5399053919136,
        196.6435303899364,
        -80.63227816287238,
        20.811678480621786,
        -1.6152464251242356
    ],
    "degree_L2p": 6,
    "coeffs_L2p": [
        0.012596773971040682,
        -0.021589221790447644,
        -0.03022358099085586,
        0.09313209209575538,
        0.06281128146077068,
        0.094558930302784,
        0.12124889455892018
    ]
}