{
    "model_name": "sRGB_Luminance_Model",
    "L_min": 0.023666,
    "L_max": 117.05665780294088
}