{
    "P_0": {
        "pixel_value": 0,
        "normalized": 0.0,
        "Y_mean": 0.016303333333333333,
        "Y_list": [
            0.01667,
            0.01481,
            0.01743
        ],
        "x_list": [
            0.5134,
            0.4864,
            0.4917
        ],
        "y_list": [
            0.4046,
            0.3908,
            0.4042
        ]
    },
    "P_1": {
        "pixel_value": 13,
        "normalized": 0.050980392156862744,
        "Y_mean": 0.04532666666666666,
        "Y_list": [
            0.04478,
            0.04559,
            0.04561
        ],
        "x_list": [
            0.4461,
            0.4542,
            0.4539
        ],
        "y_list": [
            0.4505,
            0.4509,
            0.4574
        ]
    },
    "P_2": {
        "pixel_value": 27,
        "normalized": 0.10588235294117647,
        "Y_mean": 0.276,
        "Y_list": [
            0.277,
            0.2771,
            0.2739
        ],
        "x_list": [
            0.3366,
            0.3329,
            0.337
        ],
        "y_list": [
            0.3603,
            0.3575,
            0.3641
        ]
    },
    "P_3": {
        "pixel_value": 40,
        "normalized": 0.1568627450980392,
        "Y_mean": 0.6786,
        "Y_list": [
            0.6766,
            0.679,
            0.6802
        ],
        "x_list": [
            0.3265,
            0.3261,
            0.3262
        ],
        "y_list": [
            0.3561,
            0.3548,
            0.3546
        ]
    },
    "P_4": {
        "pixel_value": 54,
        "normalized": 0.21176470588235294,
        "Y_mean": 1.34,
        "Y_list": [
            1.341,
            1.338,
            1.341
        ],
        "x_list": [
            0.3229,
            0.3226,
            0.3228
        ],
        "y_list": [
            0.3509,
            0.3504,
            0.3516
        ]
    },
    "P_5": {
        "pixel_value": 67,
        "normalized": 0.2627450980392157,
        "Y_mean": 2.122666666666667,
        "Y_list": [
            2.128,
            2.122,
            2.118
        ],
        "x_list": [
            0.3203,
            0.3205,
            0.3202
        ],
        "y_list": [
            0.3488,
            0.3488,
            0.3484
        ]
    },
    "P_6": {
        "pixel_value": 81,
        "normalized": 0.3176470588235294,
        "Y_mean": 3.217333333333334,
        "Y_list": [
            3.217,
            3.215,
            3.22
        ],
        "x_list": [
            0.3212,
            0.3209,
            0.321
        ],
        "y_list": [
            0.3497,
            0.3495,
            0.3492
        ]
    },
    "P_7": {
        "pixel_value": 94,
        "normalized": 0.3686274509803922,
        "Y_mean": 4.493333333333333,
        "Y_list": [
            4.49,
            4.496,
            4.494
        ],
        "x_list": [
            0.3205,
            0.3205,
            0.3205
        ],
        "y_list": [
            0.3484,
            0.3488,
            0.3486
        ]
    },
    "P_8": {
        "pixel_value": 107,
        "normalized": 0.4196078431372549,
        "Y_mean": 6.008333333333333,
        "Y_list": [
            6.004,
            6.012,
            6.009
        ],
        "x_list": [
            0.3205,
            0.3206,
            0.3205
        ],
        "y_list": [
            0.348,
            0.3482,
            0.348
        ]
    },
    "P_9": {
        "pixel_value": 121,
        "normalized": 0.4745098039215686,
        "Y_mean": 8.004,
        "Y_list": [
            8.004,
            8.002,
            8.006
        ],
        "x_list": [
            0.3209,
            0.3208,
            0.3208
        ],
        "y_list": [
            0.3483,
            0.3481,
            0.348
        ]
    },
    "P_10": {
        "pixel_value": 134,
        "normalized": 0.5254901960784314,
        "Y_mean": 10.046666666666667,
        "Y_list": [
            10.05,
            10.04,
            10.05
        ],
        "x_list": [
            0.3209,
            0.3209,
            0.321
        ],
        "y_list": [
            0.3483,
            0.3478,
            0.348
        ]
    },
    "P_11": {
        "pixel_value": 148,
        "normalized": 0.5803921568627451,
        "Y_mean": 12.686666666666667,
        "Y_list": [
            12.67,
            12.69,
            12.7
        ],
        "x_list": [
            0.3207,
            0.3208,
            0.3206
        ],
        "y_list": [
            0.3477,
            0.3479,
            0.348
        ]
    },
    "P_12": {
        "pixel_value": 161,
        "normalized": 0.6313725490196078,
        "Y_mean": 15.443333333333333,
        "Y_list": [
            15.44,
            15.45,
            15.44
        ],
        "x_list": [
            0.32,
            0.3198,
            0.3198
        ],
        "y_list": [
            0.3469,
            0.3468,
            0.3467
        ]
    },
    "P_13": {
        "pixel_value": 174,
        "normalized": 0.6823529411764706,
        "Y_mean": 18.36,
        "Y_list": [
            18.35,
            18.36,
            18.37
        ],
        "x_list": [
            0.3184,
            0.3183,
            0.3184
        ],
        "y_list": [
            0.3456,
            0.3456,
            0.3456
        ]
    },
    "P_14": {
        "pixel_value": 188,
        "normalized": 0.7372549019607844,
        "Y_mean": 21.576666666666668,
        "Y_list": [
            21.56,
            21.58,
            21.59
        ],
        "x_list": [
            0.3169,
            0.317,
            0.3169
        ],
        "y_list": [
            0.3434,
            0.3434,
            0.3432
        ]
    },
    "P_15": {
        "pixel_value": 201,
        "normalized": 0.788235294117647,
        "Y_mean": 23.873333333333335,
        "Y_list": [
            23.86,
            23.87,
            23.89
        ],
        "x_list": [
            0.3109,
            0.3108,
            0.311
        ],
        "y_list": [
            0.3408,
            0.3408,
            0.3409
        ]
    },
    "P_16": {
        "pixel_value": 215,
        "normalized": 0.8431372549019608,
        "Y_mean": 24.24,
        "Y_list": [
            24.22,
            24.23,
            24.27
        ],
        "x_list": [
            0.3017,
            0.3015,
            0.3017
        ],
        "y_list": [
            0.3252,
            0.3251,
            0.3253
        ]
    },
    "P_17": {
        "pixel_value": 228,
        "normalized": 0.8941176470588236,
        "Y_mean": 24.5,
        "Y_list": [
            24.48,
            24.5,
            24.52
        ],
        "x_list": [
            0.2962,
            0.2962,
            0.2962
        ],
        "y_list": [
            0.3159,
            0.3159,
            0.3158
        ]
    },
    "P_18": {
        "pixel_value": 242,
        "normalized": 0.9490196078431372,
        "Y_mean": 24.55,
        "Y_list": [
            24.53,
            24.53,
            24.59
        ],
        "x_list": [
            0.296,
            0.2961,
            0.296
        ],
        "y_list": [
            0.3157,
            0.3156,
            0.3157
        ]
    },
    "P_19": {
        "pixel_value": 255,
        "normalized": 1.0,
        "Y_mean": 24.62333333333333,
        "Y_list": [
            24.61,
            24.63,
            24.63
        ],
        "x_list": [
            0.2962,
            0.2962,
            0.296
        ],
        "y_list": [
            0.3158,
            0.3158,
            0.3157
        ]
    }
}