{
    "P_0": {
        "pixel_value": 0,
        "normalized": 0.0,
        "Y_mean": 0.018103333333333332,
        "Y_list": [
            0.02184,
            0.01632,
            0.01615
        ],
        "x_list": [
            0.4928,
            0.5088,
            0.4925
        ],
        "y_list": [
            0.4175,
            0.393,
            0.401
        ]
    },
    "P_1": {
        "pixel_value": 13,
        "normalized": 0.050980392156862744,
        "Y_mean": 0.07779333333333334,
        "Y_list": [
            0.07941,
            0.0763,
            0.07767
        ],
        "x_list": [
            0.3921,
            0.3931,
            0.388
        ],
        "y_list": [
            0.3919,
            0.4052,
            0.3939
        ]
    },
    "P_2": {
        "pixel_value": 27,
        "normalized": 0.10588235294117647,
        "Y_mean": 0.36413333333333336,
        "Y_list": [
            0.3667,
            0.365,
            0.3607
        ],
        "x_list": [
            0.3268,
            0.3274,
            0.3272
        ],
        "y_list": [
            0.3489,
            0.3512,
            0.3508
        ]
    },
    "P_3": {
        "pixel_value": 40,
        "normalized": 0.1568627450980392,
        "Y_mean": 0.8231999999999999,
        "Y_list": [
            0.8223,
            0.8223,
            0.825
        ],
        "x_list": [
            0.3225,
            0.3228,
            0.3226
        ],
        "y_list": [
            0.3493,
            0.3493,
            0.35
        ]
    },
    "P_4": {
        "pixel_value": 54,
        "normalized": 0.21176470588235294,
        "Y_mean": 1.5546666666666666,
        "Y_list": [
            1.55,
            1.555,
            1.559
        ],
        "x_list": [
            0.3203,
            0.3208,
            0.3205
        ],
        "y_list": [
            0.3467,
            0.3477,
            0.3476
        ]
    },
    "P_5": {
        "pixel_value": 67,
        "normalized": 0.2627450980392157,
        "Y_mean": 2.419,
        "Y_list": [
            2.421,
            2.417,
            2.419
        ],
        "x_list": [
            0.3192,
            0.3191,
            0.3193
        ],
        "y_list": [
            0.3466,
            0.3465,
            0.3466
        ]
    },
    "P_6": {
        "pixel_value": 81,
        "normalized": 0.3176470588235294,
        "Y_mean": 3.606666666666667,
        "Y_list": [
            3.606,
            3.609,
            3.605
        ],
        "x_list": [
            0.3201,
            0.3203,
            0.32
        ],
        "y_list": [
            0.3477,
            0.3478,
            0.3477
        ]
    },
    "P_7": {
        "pixel_value": 94,
        "normalized": 0.3686274509803922,
        "Y_mean": 4.928999999999999,
        "Y_list": [
            4.925,
            4.935,
            4.927
        ],
        "x_list": [
            0.3196,
            0.32,
            0.3197
        ],
        "y_list": [
            0.3471,
            0.3472,
            0.3471
        ]
    },
    "P_8": {
        "pixel_value": 107,
        "normalized": 0.4196078431372549,
        "Y_mean": 6.493666666666666,
        "Y_list": [
            6.492,
            6.49,
            6.499
        ],
        "x_list": [
            0.3197,
            0.32,
            0.3199
        ],
        "y_list": [
            0.3467,
            0.3468,
            0.3468
        ]
    },
    "P_9": {
        "pixel_value": 121,
        "normalized": 0.4745098039215686,
        "Y_mean": 8.533333333333333,
        "Y_list": [
            8.539,
            8.53,
            8.531
        ],
        "x_list": [
            0.3205,
            0.3204,
            0.3207
        ],
        "y_list": [
            0.3471,
            0.3469,
            0.3469
        ]
    },
    "P_10": {
        "pixel_value": 134,
        "normalized": 0.5254901960784314,
        "Y_mean": 10.633333333333333,
        "Y_list": [
            10.62,
            10.65,
            10.63
        ],
        "x_list": [
            0.3208,
            0.3208,
            0.3208
        ],
        "y_list": [
            0.3472,
            0.3475,
            0.3471
        ]
    },
    "P_11": {
        "pixel_value": 148,
        "normalized": 0.5803921568627451,
        "Y_mean": 13.353333333333332,
        "Y_list": [
            13.35,
            13.34,
            13.37
        ],
        "x_list": [
            0.3207,
            0.3207,
            0.3208
        ],
        "y_list": [
            0.3474,
            0.3472,
            0.3474
        ]
    },
    "P_12": {
        "pixel_value": 161,
        "normalized": 0.6313725490196078,
        "Y_mean": 16.106666666666666,
        "Y_list": [
            16.1,
            16.11,
            16.11
        ],
        "x_list": [
            0.3199,
            0.3199,
            0.3199
        ],
        "y_list": [
            0.3465,
            0.3465,
            0.3464
        ]
    },
    "P_13": {
        "pixel_value": 174,
        "normalized": 0.6823529411764706,
        "Y_mean": 19.163333333333334,
        "Y_list": [
            19.15,
            19.16,
            19.18
        ],
        "x_list": [
            0.3183,
            0.3184,
            0.3184
        ],
        "y_list": [
            0.3452,
            0.3454,
            0.3452
        ]
    },
    "P_14": {
        "pixel_value": 188,
        "normalized": 0.7372549019607844,
        "Y_mean": 22.546666666666667,
        "Y_list": [
            22.52,
            22.55,
            22.57
        ],
        "x_list": [
            0.3168,
            0.317,
            0.317
        ],
        "y_list": [
            0.3429,
            0.343,
            0.3429
        ]
    },
    "P_15": {
        "pixel_value": 201,
        "normalized": 0.788235294117647,
        "Y_mean": 24.963333333333335,
        "Y_list": [
            24.95,
            24.95,
            24.99
        ],
        "x_list": [
            0.3109,
            0.3108,
            0.3109
        ],
        "y_list": [
            0.3404,
            0.3401,
            0.3404
        ]
    },
    "P_16": {
        "pixel_value": 215,
        "normalized": 0.8431372549019608,
        "Y_mean": 25.346666666666668,
        "Y_list": [
            25.32,
            25.35,
            25.37
        ],
        "x_list": [
            0.3014,
            0.3014,
            0.3014
        ],
        "y_list": [
            0.3245,
            0.3245,
            0.3246
        ]
    },
    "P_17": {
        "pixel_value": 228,
        "normalized": 0.8941176470588236,
        "Y_mean": 25.596666666666664,
        "Y_list": [
            25.57,
            25.58,
            25.64
        ],
        "x_list": [
            0.2959,
            0.2957,
            0.296
        ],
        "y_list": [
            0.3151,
            0.3149,
            0.3154
        ]
    },
    "P_18": {
        "pixel_value": 242,
        "normalized": 0.9490196078431372,
        "Y_mean": 25.66,
        "Y_list": [
            25.64,
            25.64,
            25.7
        ],
        "x_list": [
            0.2959,
            0.2959,
            0.2961
        ],
        "y_list": [
            0.3152,
            0.3151,
            0.3153
        ]
    },
    "P_19": {
        "pixel_value": 255,
        "normalized": 1.0,
        "Y_mean": 25.709999999999997,
        "Y_list": [
            25.71,
            25.71,
            25.71
        ],
        "x_list": [
            0.2959,
            0.296,
            0.2958
        ],
        "y_list": [
            0.3153,
            0.3152,
            0.3151
        ]
    }
}