{
    "P_0": {
        "pixel_value": 0,
        "normalized": 0.0,
        "Y_mean": 0.024033333333333334,
        "Y_list": [
            0.02483,
            0.02445,
            0.02282
        ],
        "x_list": [
            0.478,
            0.4706,
            0.47
        ],
        "y_list": [
            0.4144,
            0.398,
            0.4004
        ]
    },
    "P_1": {
        "pixel_value": 13,
        "normalized": 0.050980392156862744,
        "Y_mean": 0.42073333333333335,
        "Y_list": [
            0.4244,
            0.4179,
            0.4199
        ],
        "x_list": [
            0.3489,
            0.3477,
            0.3479
        ],
        "y_list": [
            0.3679,
            0.3644,
            0.3648
        ]
    },
    "P_2": {
        "pixel_value": 27,
        "normalized": 0.10588235294117647,
        "Y_mean": 2.3379999999999996,
        "Y_list": [
            2.344,
            2.334,
            2.336
        ],
        "x_list": [
            0.3136,
            0.3139,
            0.3134
        ],
        "y_list": [
            0.3304,
            0.3309,
            0.3304
        ]
    },
    "P_3": {
        "pixel_value": 40,
        "normalized": 0.1568627450980392,
        "Y_mean": 5.338666666666668,
        "Y_list": [
            5.439,
            5.3,
            5.277
        ],
        "x_list": [
            0.3139,
            0.3138,
            0.3139
        ],
        "y_list": [
            0.333,
            0.3327,
            0.3329
        ]
    },
    "P_4": {
        "pixel_value": 54,
        "normalized": 0.21176470588235294,
        "Y_mean": 10.073333333333332,
        "Y_list": [
            10.08,
            10.07,
            10.07
        ],
        "x_list": [
            0.3141,
            0.3141,
            0.3141
        ],
        "y_list": [
            0.3326,
            0.3326,
            0.3328
        ]
    },
    "P_5": {
        "pixel_value": 67,
        "normalized": 0.2627450980392157,
        "Y_mean": 15.743333333333332,
        "Y_list": [
            15.74,
            15.73,
            15.76
        ],
        "x_list": [
            0.3139,
            0.314,
            0.3141
        ],
        "y_list": [
            0.333,
            0.333,
            0.3332
        ]
    },
    "P_6": {
        "pixel_value": 81,
        "normalized": 0.3176470588235294,
        "Y_mean": 23.560000000000002,
        "Y_list": [
            23.57,
            23.55,
            23.56
        ],
        "x_list": [
            0.3151,
            0.3151,
            0.3151
        ],
        "y_list": [
            0.334,
            0.3339,
            0.3341
        ]
    },
    "P_7": {
        "pixel_value": 94,
        "normalized": 0.3686274509803922,
        "Y_mean": 32.62666666666667,
        "Y_list": [
            32.64,
            32.63,
            32.61
        ],
        "x_list": [
            0.3152,
            0.3151,
            0.3152
        ],
        "y_list": [
            0.3338,
            0.3337,
            0.3337
        ]
    },
    "P_8": {
        "pixel_value": 107,
        "normalized": 0.4196078431372549,
        "Y_mean": 42.806666666666665,
        "Y_list": [
            42.97,
            42.76,
            42.69
        ],
        "x_list": [
            0.3154,
            0.3155,
            0.3154
        ],
        "y_list": [
            0.3338,
            0.3336,
            0.3337
        ]
    },
    "P_9": {
        "pixel_value": 121,
        "normalized": 0.4745098039215686,
        "Y_mean": 56.306666666666665,
        "Y_list": [
            56.33,
            56.33,
            56.26
        ],
        "x_list": [
            0.3164,
            0.3164,
            0.3164
        ],
        "y_list": [
            0.3343,
            0.3342,
            0.3343
        ]
    },
    "P_10": {
        "pixel_value": 134,
        "normalized": 0.5254901960784314,
        "Y_mean": 70.24,
        "Y_list": [
            70.2,
            70.25,
            70.27
        ],
        "x_list": [
            0.3167,
            0.3168,
            0.3167
        ],
        "y_list": [
            0.3343,
            0.3344,
            0.3342
        ]
    },
    "P_11": {
        "pixel_value": 148,
        "normalized": 0.5803921568627451,
        "Y_mean": 88.41333333333334,
        "Y_list": [
            88.47,
            88.44,
            88.33
        ],
        "x_list": [
            0.317,
            0.3169,
            0.3168
        ],
        "y_list": [
            0.3349,
            0.3347,
            0.3345
        ]
    },
    "P_12": {
        "pixel_value": 161,
        "normalized": 0.6313725490196078,
        "Y_mean": 106.56666666666666,
        "Y_list": [
            106.5,
            106.6,
            106.6
        ],
        "x_list": [
            0.3162,
            0.316,
            0.3161
        ],
        "y_list": [
            0.3338,
            0.3339,
            0.3341
        ]
    },
    "P_13": {
        "pixel_value": 174,
        "normalized": 0.6823529411764706,
        "Y_mean": 127.83333333333333,
        "Y_list": [
            127.7,
            127.9,
            127.9
        ],
        "x_list": [
            0.3143,
            0.3144,
            0.3144
        ],
        "y_list": [
            0.3325,
            0.3325,
            0.3327
        ]
    },
    "P_14": {
        "pixel_value": 188,
        "normalized": 0.7372549019607844,
        "Y_mean": 153.16666666666666,
        "Y_list": [
            153.0,
            153.2,
            153.3
        ],
        "x_list": [
            0.3131,
            0.313,
            0.3131
        ],
        "y_list": [
            0.3307,
            0.3306,
            0.3306
        ]
    },
    "P_15": {
        "pixel_value": 201,
        "normalized": 0.788235294117647,
        "Y_mean": 170.4,
        "Y_list": [
            170.3,
            170.4,
            170.5
        ],
        "x_list": [
            0.3068,
            0.3068,
            0.3067
        ],
        "y_list": [
            0.328,
            0.328,
            0.328
        ]
    },
    "P_16": {
        "pixel_value": 215,
        "normalized": 0.8431372549019608,
        "Y_mean": 173.0333333333333,
        "Y_list": [
            172.9,
            173.0,
            173.2
        ],
        "x_list": [
            0.2971,
            0.2972,
            0.297
        ],
        "y_list": [
            0.3122,
            0.3123,
            0.3121
        ]
    },
    "P_17": {
        "pixel_value": 228,
        "normalized": 0.8941176470588236,
        "Y_mean": 174.86666666666667,
        "Y_list": [
            174.7,
            174.8,
            175.1
        ],
        "x_list": [
            0.2915,
            0.2916,
            0.2916
        ],
        "y_list": [
            0.3029,
            0.3029,
            0.3033
        ]
    },
    "P_18": {
        "pixel_value": 242,
        "normalized": 0.9490196078431372,
        "Y_mean": 175.03333333333333,
        "Y_list": [
            175.2,
            175.0,
            174.9
        ],
        "x_list": [
            0.2915,
            0.2914,
            0.2913
        ],
        "y_list": [
            0.3032,
            0.3029,
            0.3027
        ]
    },
    "P_19": {
        "pixel_value": 255,
        "normalized": 1.0,
        "Y_mean": 175.20000000000002,
        "Y_list": [
            175.1,
            175.1,
            175.4
        ],
        "x_list": [
            0.2914,
            0.2916,
            0.2916
        ],
        "y_list": [
            0.3028,
            0.3029,
            0.303
        ]
    }
}