{
    "P_0": {
        "pixel_value": 0,
        "normalized": 0.0,
        "Y_mean": 0.018600000000000002,
        "Y_list": [
            0.0188,
            0.01796,
            0.01904
        ],
        "x_list": [
            0.4671,
            0.4707,
            0.4761
        ],
        "y_list": [
            0.3993,
            0.4135,
            0.4086
        ]
    },
    "P_1": {
        "pixel_value": 13,
        "normalized": 0.050980392156862744,
        "Y_mean": 0.05393666666666667,
        "Y_list": [
            0.05383,
            0.05049,
            0.05749
        ],
        "x_list": [
            0.4296,
            0.4218,
            0.427
        ],
        "y_list": [
            0.4592,
            0.424,
            0.4364
        ]
    },
    "P_2": {
        "pixel_value": 27,
        "normalized": 0.10588235294117647,
        "Y_mean": 0.3067333333333333,
        "Y_list": [
            0.3049,
            0.3064,
            0.3089
        ],
        "x_list": [
            0.3312,
            0.3333,
            0.3326
        ],
        "y_list": [
            0.3581,
            0.3605,
            0.3605
        ]
    },
    "P_3": {
        "pixel_value": 40,
        "normalized": 0.1568627450980392,
        "Y_mean": 0.7205333333333334,
        "Y_list": [
            0.7218,
            0.7202,
            0.7196
        ],
        "x_list": [
            0.3247,
            0.324,
            0.3258
        ],
        "y_list": [
            0.3519,
            0.3527,
            0.3538
        ]
    },
    "P_4": {
        "pixel_value": 54,
        "normalized": 0.21176470588235294,
        "Y_mean": 1.398,
        "Y_list": [
            1.396,
            1.396,
            1.402
        ],
        "x_list": [
            0.3216,
            0.3217,
            0.3217
        ],
        "y_list": [
            0.3501,
            0.3498,
            0.35
        ]
    },
    "P_5": {
        "pixel_value": 67,
        "normalized": 0.2627450980392157,
        "Y_mean": 2.2070000000000003,
        "Y_list": [
            2.205,
            2.207,
            2.209
        ],
        "x_list": [
            0.3198,
            0.3197,
            0.3199
        ],
        "y_list": [
            0.3485,
            0.348,
            0.3482
        ]
    },
    "P_6": {
        "pixel_value": 81,
        "normalized": 0.3176470588235294,
        "Y_mean": 3.3236666666666665,
        "Y_list": [
            3.329,
            3.321,
            3.321
        ],
        "x_list": [
            0.3207,
            0.3207,
            0.3204
        ],
        "y_list": [
            0.3492,
            0.3492,
            0.3484
        ]
    },
    "P_7": {
        "pixel_value": 94,
        "normalized": 0.3686274509803922,
        "Y_mean": 4.613666666666667,
        "Y_list": [
            4.614,
            4.617,
            4.61
        ],
        "x_list": [
            0.3201,
            0.3203,
            0.3203
        ],
        "y_list": [
            0.348,
            0.3483,
            0.3484
        ]
    },
    "P_8": {
        "pixel_value": 107,
        "normalized": 0.4196078431372549,
        "Y_mean": 6.142333333333333,
        "Y_list": [
            6.142,
            6.141,
            6.144
        ],
        "x_list": [
            0.3202,
            0.3203,
            0.3205
        ],
        "y_list": [
            0.3477,
            0.3476,
            0.3478
        ]
    },
    "P_9": {
        "pixel_value": 121,
        "normalized": 0.4745098039215686,
        "Y_mean": 8.150666666666666,
        "Y_list": [
            8.144,
            8.155,
            8.153
        ],
        "x_list": [
            0.3207,
            0.3209,
            0.3206
        ],
        "y_list": [
            0.3479,
            0.3479,
            0.3477
        ]
    },
    "P_10": {
        "pixel_value": 134,
        "normalized": 0.5254901960784314,
        "Y_mean": 10.22,
        "Y_list": [
            10.22,
            10.22,
            10.22
        ],
        "x_list": [
            0.321,
            0.3208,
            0.3209
        ],
        "y_list": [
            0.3479,
            0.3477,
            0.3479
        ]
    },
    "P_11": {
        "pixel_value": 148,
        "normalized": 0.5803921568627451,
        "Y_mean": 12.866666666666667,
        "Y_list": [
            12.85,
            12.89,
            12.86
        ],
        "x_list": [
            0.3207,
            0.3208,
            0.3206
        ],
        "y_list": [
            0.3478,
            0.3478,
            0.3477
        ]
    },
    "P_12": {
        "pixel_value": 161,
        "normalized": 0.6313725490196078,
        "Y_mean": 15.62,
        "Y_list": [
            15.62,
            15.62,
            15.62
        ],
        "x_list": [
            0.3199,
            0.3199,
            0.3199
        ],
        "y_list": [
            0.3468,
            0.3467,
            0.3466
        ]
    },
    "P_13": {
        "pixel_value": 174,
        "normalized": 0.6823529411764706,
        "Y_mean": 18.56,
        "Y_list": [
            18.55,
            18.55,
            18.58
        ],
        "x_list": [
            0.3183,
            0.3183,
            0.3183
        ],
        "y_list": [
            0.3456,
            0.3454,
            0.3456
        ]
    },
    "P_14": {
        "pixel_value": 188,
        "normalized": 0.7372549019607844,
        "Y_mean": 21.77,
        "Y_list": [
            21.75,
            21.77,
            21.79
        ],
        "x_list": [
            0.3169,
            0.317,
            0.3168
        ],
        "y_list": [
            0.3433,
            0.3433,
            0.3431
        ]
    },
    "P_15": {
        "pixel_value": 201,
        "normalized": 0.788235294117647,
        "Y_mean": 24.03,
        "Y_list": [
            24.02,
            24.02,
            24.05
        ],
        "x_list": [
            0.3107,
            0.3109,
            0.3109
        ],
        "y_list": [
            0.3408,
            0.3406,
            0.3406
        ]
    },
    "P_16": {
        "pixel_value": 215,
        "normalized": 0.8431372549019608,
        "Y_mean": 24.419999999999998,
        "Y_list": [
            24.39,
            24.41,
            24.46
        ],
        "x_list": [
            0.3015,
            0.3017,
            0.3015
        ],
        "y_list": [
            0.325,
            0.325,
            0.325
        ]
    },
    "P_17": {
        "pixel_value": 228,
        "normalized": 0.8941176470588236,
        "Y_mean": 24.656666666666666,
        "Y_list": [
            24.64,
            24.66,
            24.67
        ],
        "x_list": [
            0.296,
            0.2961,
            0.2959
        ],
        "y_list": [
            0.3155,
            0.3155,
            0.3154
        ]
    },
    "P_18": {
        "pixel_value": 242,
        "normalized": 0.9490196078431372,
        "Y_mean": 24.74666666666667,
        "Y_list": [
            24.73,
            24.75,
            24.76
        ],
        "x_list": [
            0.296,
            0.2961,
            0.2959
        ],
        "y_list": [
            0.3155,
            0.3156,
            0.3155
        ]
    },
    "P_19": {
        "pixel_value": 255,
        "normalized": 1.0,
        "Y_mean": 24.813333333333333,
        "Y_list": [
            24.8,
            24.8,
            24.84
        ],
        "x_list": [
            0.2961,
            0.2959,
            0.2961
        ],
        "y_list": [
            0.3155,
            0.3155,
            0.3154
        ]
    }
}