{
    "P_0": {
        "pixel_value": 0,
        "normalized": 0.0,
        "Y_mean": 0.0045253333333333335,
        "Y_list": [
            0.004057,
            0.003798,
            0.005721
        ],
        "x_list": [
            0.6388,
            0.6589,
            0.612
        ],
        "y_list": [
            0.3147,
            0.3015,
            0.3378
        ]
    },
    "P_1": {
        "pixel_value": 13,
        "normalized": 0.050980392156862744,
        "Y_mean": 0.2570666666666666,
        "Y_list": [
            0.2572,
            0.2574,
            0.2566
        ],
        "x_list": [
            0.3482,
            0.3453,
            0.3464
        ],
        "y_list": [
            0.3652,
            0.3582,
            0.363
        ]
    },
    "P_2": {
        "pixel_value": 27,
        "normalized": 0.10588235294117647,
        "Y_mean": 1.083,
        "Y_list": [
            1.085,
            1.081,
            1.083
        ],
        "x_list": [
            0.3118,
            0.3112,
            0.3122
        ],
        "y_list": [
            0.3311,
            0.3299,
            0.3313
        ]
    },
    "P_3": {
        "pixel_value": 40,
        "normalized": 0.1568627450980392,
        "Y_mean": 2.5336666666666665,
        "Y_list": [
            2.534,
            2.535,
            2.532
        ],
        "x_list": [
            0.3119,
            0.3125,
            0.3121
        ],
        "y_list": [
            0.3286,
            0.3294,
            0.3294
        ]
    },
    "P_4": {
        "pixel_value": 54,
        "normalized": 0.21176470588235294,
        "Y_mean": 4.7876666666666665,
        "Y_list": [
            4.782,
            4.784,
            4.797
        ],
        "x_list": [
            0.3153,
            0.3155,
            0.3153
        ],
        "y_list": [
            0.3339,
            0.3341,
            0.3344
        ]
    },
    "P_5": {
        "pixel_value": 67,
        "normalized": 0.2627450980392157,
        "Y_mean": 7.5169999999999995,
        "Y_list": [
            7.518,
            7.518,
            7.515
        ],
        "x_list": [
            0.3163,
            0.3164,
            0.3165
        ],
        "y_list": [
            0.3341,
            0.3341,
            0.3342
        ]
    },
    "P_6": {
        "pixel_value": 81,
        "normalized": 0.3176470588235294,
        "Y_mean": 11.206666666666669,
        "Y_list": [
            11.2,
            11.21,
            11.21
        ],
        "x_list": [
            0.3172,
            0.3171,
            0.3171
        ],
        "y_list": [
            0.3357,
            0.3359,
            0.3359
        ]
    },
    "P_7": {
        "pixel_value": 94,
        "normalized": 0.3686274509803922,
        "Y_mean": 14.963333333333333,
        "Y_list": [
            14.97,
            14.96,
            14.96
        ],
        "x_list": [
            0.3142,
            0.3142,
            0.3142
        ],
        "y_list": [
            0.3329,
            0.3327,
            0.3327
        ]
    },
    "P_8": {
        "pixel_value": 107,
        "normalized": 0.4196078431372549,
        "Y_mean": 20.033333333333335,
        "Y_list": [
            20.03,
            20.04,
            20.03
        ],
        "x_list": [
            0.3166,
            0.3167,
            0.3167
        ],
        "y_list": [
            0.3357,
            0.3357,
            0.3358
        ]
    },
    "P_9": {
        "pixel_value": 121,
        "normalized": 0.4745098039215686,
        "Y_mean": 26.400000000000002,
        "Y_list": [
            26.41,
            26.38,
            26.41
        ],
        "x_list": [
            0.3168,
            0.3167,
            0.3166
        ],
        "y_list": [
            0.3354,
            0.3351,
            0.3353
        ]
    },
    "P_10": {
        "pixel_value": 134,
        "normalized": 0.5254901960784314,
        "Y_mean": 32.37333333333333,
        "Y_list": [
            32.37,
            32.36,
            32.39
        ],
        "x_list": [
            0.3164,
            0.3163,
            0.3163
        ],
        "y_list": [
            0.3341,
            0.3341,
            0.3341
        ]
    },
    "P_11": {
        "pixel_value": 148,
        "normalized": 0.5803921568627451,
        "Y_mean": 39.89,
        "Y_list": [
            39.88,
            39.9,
            39.89
        ],
        "x_list": [
            0.3176,
            0.3176,
            0.3176
        ],
        "y_list": [
            0.3358,
            0.3358,
            0.3358
        ]
    },
    "P_12": {
        "pixel_value": 161,
        "normalized": 0.6313725490196078,
        "Y_mean": 47.833333333333336,
        "Y_list": [
            47.85,
            47.81,
            47.84
        ],
        "x_list": [
            0.318,
            0.3179,
            0.3182
        ],
        "y_list": [
            0.3358,
            0.3357,
            0.3358
        ]
    },
    "P_13": {
        "pixel_value": 174,
        "normalized": 0.6823529411764706,
        "Y_mean": 56.76,
        "Y_list": [
            56.74,
            56.79,
            56.75
        ],
        "x_list": [
            0.3185,
            0.3186,
            0.3185
        ],
        "y_list": [
            0.3359,
            0.3362,
            0.336
        ]
    },
    "P_14": {
        "pixel_value": 188,
        "normalized": 0.7372549019607844,
        "Y_mean": 67.80666666666666,
        "Y_list": [
            67.8,
            67.8,
            67.82
        ],
        "x_list": [
            0.3184,
            0.3185,
            0.3185
        ],
        "y_list": [
            0.3359,
            0.3358,
            0.3359
        ]
    },
    "P_15": {
        "pixel_value": 201,
        "normalized": 0.788235294117647,
        "Y_mean": 78.92999999999999,
        "Y_list": [
            78.88,
            78.96,
            78.95
        ],
        "x_list": [
            0.3184,
            0.3184,
            0.3185
        ],
        "y_list": [
            0.3358,
            0.3361,
            0.3361
        ]
    },
    "P_16": {
        "pixel_value": 215,
        "normalized": 0.8431372549019608,
        "Y_mean": 91.30333333333334,
        "Y_list": [
            91.28,
            91.27,
            91.36
        ],
        "x_list": [
            0.3175,
            0.3176,
            0.3177
        ],
        "y_list": [
            0.3353,
            0.3352,
            0.3355
        ]
    },
    "P_17": {
        "pixel_value": 228,
        "normalized": 0.8941176470588236,
        "Y_mean": 102.3,
        "Y_list": [
            102.3,
            102.3,
            102.3
        ],
        "x_list": [
            0.3164,
            0.3163,
            0.3162
        ],
        "y_list": [
            0.3344,
            0.3345,
            0.3343
        ]
    },
    "P_18": {
        "pixel_value": 242,
        "normalized": 0.9490196078431372,
        "Y_mean": 112.90000000000002,
        "Y_list": [
            112.9,
            112.9,
            112.9
        ],
        "x_list": [
            0.315,
            0.315,
            0.3149
        ],
        "y_list": [
            0.3327,
            0.3327,
            0.3327
        ]
    },
    "P_19": {
        "pixel_value": 255,
        "normalized": 1.0,
        "Y_mean": 108.06666666666666,
        "Y_list": [
            108.0,
            108.1,
            108.1
        ],
        "x_list": [
            0.3157,
            0.3155,
            0.3156
        ],
        "y_list": [
            0.3327,
            0.3326,
            0.3326
        ]
    }
}