{
    "P_0": {
        "pixel_value": 0,
        "normalized": 0.0,
        "Y_mean": 0.028336666666666666,
        "Y_list": [
            0.03029,
            0.02888,
            0.02584
        ],
        "x_list": [
            0.4621,
            0.4531,
            0.4646
        ],
        "y_list": [
            0.4115,
            0.4248,
            0.4191
        ]
    },
    "P_1": {
        "pixel_value": 13,
        "normalized": 0.050980392156862744,
        "Y_mean": 0.41083333333333333,
        "Y_list": [
            0.4139,
            0.4096,
            0.409
        ],
        "x_list": [
            0.3495,
            0.3487,
            0.3498
        ],
        "y_list": [
            0.3662,
            0.368,
            0.3667
        ]
    },
    "P_2": {
        "pixel_value": 27,
        "normalized": 0.10588235294117647,
        "Y_mean": 2.305333333333333,
        "Y_list": [
            2.311,
            2.302,
            2.303
        ],
        "x_list": [
            0.3138,
            0.3138,
            0.3137
        ],
        "y_list": [
            0.3309,
            0.331,
            0.3307
        ]
    },
    "P_3": {
        "pixel_value": 40,
        "normalized": 0.1568627450980392,
        "Y_mean": 5.4013333333333335,
        "Y_list": [
            5.404,
            5.406,
            5.394
        ],
        "x_list": [
            0.3141,
            0.3138,
            0.3142
        ],
        "y_list": [
            0.3329,
            0.3329,
            0.333
        ]
    },
    "P_4": {
        "pixel_value": 54,
        "normalized": 0.21176470588235294,
        "Y_mean": 10.303333333333333,
        "Y_list": [
            10.3,
            10.31,
            10.3
        ],
        "x_list": [
            0.3142,
            0.3141,
            0.3144
        ],
        "y_list": [
            0.3328,
            0.3329,
            0.3328
        ]
    },
    "P_5": {
        "pixel_value": 67,
        "normalized": 0.2627450980392157,
        "Y_mean": 16.083333333333332,
        "Y_list": [
            16.07,
            16.09,
            16.09
        ],
        "x_list": [
            0.3136,
            0.3138,
            0.3137
        ],
        "y_list": [
            0.3326,
            0.3328,
            0.3328
        ]
    },
    "P_6": {
        "pixel_value": 81,
        "normalized": 0.3176470588235294,
        "Y_mean": 24.136666666666667,
        "Y_list": [
            24.14,
            24.14,
            24.13
        ],
        "x_list": [
            0.3151,
            0.3149,
            0.3154
        ],
        "y_list": [
            0.3341,
            0.3339,
            0.3338
        ]
    },
    "P_7": {
        "pixel_value": 94,
        "normalized": 0.3686274509803922,
        "Y_mean": 33.406666666666666,
        "Y_list": [
            33.4,
            33.39,
            33.43
        ],
        "x_list": [
            0.3151,
            0.3152,
            0.3151
        ],
        "y_list": [
            0.3336,
            0.3339,
            0.3338
        ]
    },
    "P_8": {
        "pixel_value": 107,
        "normalized": 0.4196078431372549,
        "Y_mean": 44.373333333333335,
        "Y_list": [
            44.38,
            44.37,
            44.37
        ],
        "x_list": [
            0.3156,
            0.3156,
            0.3154
        ],
        "y_list": [
            0.3339,
            0.334,
            0.3336
        ]
    },
    "P_9": {
        "pixel_value": 121,
        "normalized": 0.4745098039215686,
        "Y_mean": 58.59,
        "Y_list": [
            58.6,
            58.57,
            58.6
        ],
        "x_list": [
            0.3163,
            0.3164,
            0.3164
        ],
        "y_list": [
            0.3341,
            0.3344,
            0.3341
        ]
    },
    "P_10": {
        "pixel_value": 134,
        "normalized": 0.5254901960784314,
        "Y_mean": 73.32666666666667,
        "Y_list": [
            73.29,
            73.36,
            73.33
        ],
        "x_list": [
            0.3168,
            0.3167,
            0.3167
        ],
        "y_list": [
            0.3343,
            0.3344,
            0.3344
        ]
    },
    "P_11": {
        "pixel_value": 148,
        "normalized": 0.5803921568627451,
        "Y_mean": 92.36666666666667,
        "Y_list": [
            92.35,
            92.31,
            92.44
        ],
        "x_list": [
            0.3167,
            0.3166,
            0.3168
        ],
        "y_list": [
            0.3348,
            0.3347,
            0.335
        ]
    },
    "P_12": {
        "pixel_value": 161,
        "normalized": 0.6313725490196078,
        "Y_mean": 112.06666666666666,
        "Y_list": [
            112.0,
            112.0,
            112.2
        ],
        "x_list": [
            0.3159,
            0.3156,
            0.3159
        ],
        "y_list": [
            0.3336,
            0.3336,
            0.3335
        ]
    },
    "P_13": {
        "pixel_value": 174,
        "normalized": 0.6823529411764706,
        "Y_mean": 133.1,
        "Y_list": [
            133.1,
            133.1,
            133.1
        ],
        "x_list": [
            0.3143,
            0.3142,
            0.3144
        ],
        "y_list": [
            0.3326,
            0.3322,
            0.3326
        ]
    },
    "P_14": {
        "pixel_value": 188,
        "normalized": 0.7372549019607844,
        "Y_mean": 155.06666666666666,
        "Y_list": [
            154.9,
            155.1,
            155.2
        ],
        "x_list": [
            0.3132,
            0.3129,
            0.3132
        ],
        "y_list": [
            0.3306,
            0.3304,
            0.3307
        ]
    },
    "P_15": {
        "pixel_value": 201,
        "normalized": 0.788235294117647,
        "Y_mean": 171.33333333333334,
        "Y_list": [
            171.2,
            171.4,
            171.4
        ],
        "x_list": [
            0.3067,
            0.3065,
            0.3067
        ],
        "y_list": [
            0.328,
            0.3278,
            0.3279
        ]
    },
    "P_16": {
        "pixel_value": 215,
        "normalized": 0.8431372549019608,
        "Y_mean": 174.0,
        "Y_list": [
            173.8,
            174.1,
            174.1
        ],
        "x_list": [
            0.2969,
            0.297,
            0.2971
        ],
        "y_list": [
            0.3119,
            0.3119,
            0.3121
        ]
    },
    "P_17": {
        "pixel_value": 228,
        "normalized": 0.8941176470588236,
        "Y_mean": 175.83333333333334,
        "Y_list": [
            175.8,
            175.8,
            175.9
        ],
        "x_list": [
            0.2915,
            0.2913,
            0.2915
        ],
        "y_list": [
            0.3028,
            0.3028,
            0.3026
        ]
    },
    "P_18": {
        "pixel_value": 242,
        "normalized": 0.9490196078431372,
        "Y_mean": 176.13333333333333,
        "Y_list": [
            176.0,
            176.2,
            176.2
        ],
        "x_list": [
            0.2914,
            0.2915,
            0.2913
        ],
        "y_list": [
            0.3026,
            0.303,
            0.3027
        ]
    },
    "P_19": {
        "pixel_value": 255,
        "normalized": 1.0,
        "Y_mean": 176.66666666666666,
        "Y_list": [
            176.5,
            176.6,
            176.9
        ],
        "x_list": [
            0.2913,
            0.2915,
            0.2915
        ],
        "y_list": [
            0.3029,
            0.3028,
            0.3028
        ]
    }
}