{
    "P_0": {
        "pixel_value": 0,
        "normalized": 0.0,
        "Y_mean": 0.029353333333333332,
        "Y_list": [
            0.03282,
            0.02723,
            0.02801
        ],
        "x_list": [
            0.4585,
            0.4683,
            0.4576
        ],
        "y_list": [
            0.4152,
            0.416,
            0.4194
        ]
    },
    "P_1": {
        "pixel_value": 13,
        "normalized": 0.050980392156862744,
        "Y_mean": 0.43796666666666667,
        "Y_list": [
            0.4397,
            0.4373,
            0.4369
        ],
        "x_list": [
            0.3488,
            0.349,
            0.3479
        ],
        "y_list": [
            0.3673,
            0.367,
            0.3668
        ]
    },
    "P_2": {
        "pixel_value": 27,
        "normalized": 0.10588235294117647,
        "Y_mean": 2.37,
        "Y_list": [
            2.373,
            2.373,
            2.364
        ],
        "x_list": [
            0.3135,
            0.3136,
            0.3135
        ],
        "y_list": [
            0.3304,
            0.3307,
            0.3308
        ]
    },
    "P_3": {
        "pixel_value": 40,
        "normalized": 0.1568627450980392,
        "Y_mean": 5.498333333333332,
        "Y_list": [
            5.504,
            5.497,
            5.494
        ],
        "x_list": [
            0.3137,
            0.314,
            0.3138
        ],
        "y_list": [
            0.3327,
            0.3332,
            0.3325
        ]
    },
    "P_4": {
        "pixel_value": 54,
        "normalized": 0.21176470588235294,
        "Y_mean": 10.46,
        "Y_list": [
            10.47,
            10.45,
            10.46
        ],
        "x_list": [
            0.3141,
            0.3141,
            0.3142
        ],
        "y_list": [
            0.3329,
            0.3326,
            0.3327
        ]
    },
    "P_5": {
        "pixel_value": 67,
        "normalized": 0.2627450980392157,
        "Y_mean": 16.263333333333332,
        "Y_list": [
            16.27,
            16.25,
            16.27
        ],
        "x_list": [
            0.3136,
            0.3135,
            0.3136
        ],
        "y_list": [
            0.3325,
            0.3324,
            0.3324
        ]
    },
    "P_6": {
        "pixel_value": 81,
        "normalized": 0.3176470588235294,
        "Y_mean": 24.35666666666667,
        "Y_list": [
            24.37,
            24.36,
            24.34
        ],
        "x_list": [
            0.315,
            0.315,
            0.3149
        ],
        "y_list": [
            0.3338,
            0.3339,
            0.3338
        ]
    },
    "P_7": {
        "pixel_value": 94,
        "normalized": 0.3686274509803922,
        "Y_mean": 33.65,
        "Y_list": [
            33.64,
            33.68,
            33.63
        ],
        "x_list": [
            0.3149,
            0.315,
            0.315
        ],
        "y_list": [
            0.3335,
            0.3335,
            0.3335
        ]
    },
    "P_8": {
        "pixel_value": 107,
        "normalized": 0.4196078431372549,
        "Y_mean": 44.60333333333333,
        "Y_list": [
            44.59,
            44.6,
            44.62
        ],
        "x_list": [
            0.3154,
            0.3153,
            0.3156
        ],
        "y_list": [
            0.3336,
            0.3336,
            0.3337
        ]
    },
    "P_9": {
        "pixel_value": 121,
        "normalized": 0.4745098039215686,
        "Y_mean": 58.89333333333334,
        "Y_list": [
            58.88,
            58.87,
            58.93
        ],
        "x_list": [
            0.3163,
            0.3162,
            0.3163
        ],
        "y_list": [
            0.3341,
            0.334,
            0.3342
        ]
    },
    "P_10": {
        "pixel_value": 134,
        "normalized": 0.5254901960784314,
        "Y_mean": 73.64333333333333,
        "Y_list": [
            73.64,
            73.67,
            73.62
        ],
        "x_list": [
            0.3167,
            0.3168,
            0.3167
        ],
        "y_list": [
            0.3345,
            0.3345,
            0.3344
        ]
    },
    "P_11": {
        "pixel_value": 148,
        "normalized": 0.5803921568627451,
        "Y_mean": 92.72333333333331,
        "Y_list": [
            92.72,
            92.73,
            92.72
        ],
        "x_list": [
            0.3166,
            0.3167,
            0.3166
        ],
        "y_list": [
            0.3346,
            0.3344,
            0.3344
        ]
    },
    "P_12": {
        "pixel_value": 161,
        "normalized": 0.6313725490196078,
        "Y_mean": 112.5,
        "Y_list": [
            112.5,
            112.5,
            112.5
        ],
        "x_list": [
            0.3159,
            0.3158,
            0.3158
        ],
        "y_list": [
            0.3337,
            0.3336,
            0.3336
        ]
    },
    "P_13": {
        "pixel_value": 174,
        "normalized": 0.6823529411764706,
        "Y_mean": 133.53333333333333,
        "Y_list": [
            133.5,
            133.5,
            133.6
        ],
        "x_list": [
            0.3141,
            0.3143,
            0.3142
        ],
        "y_list": [
            0.3324,
            0.3323,
            0.3325
        ]
    },
    "P_14": {
        "pixel_value": 188,
        "normalized": 0.7372549019607844,
        "Y_mean": 155.56666666666666,
        "Y_list": [
            155.5,
            155.5,
            155.7
        ],
        "x_list": [
            0.3131,
            0.313,
            0.3132
        ],
        "y_list": [
            0.3307,
            0.3307,
            0.3309
        ]
    },
    "P_15": {
        "pixel_value": 201,
        "normalized": 0.788235294117647,
        "Y_mean": 171.4333333333333,
        "Y_list": [
            171.4,
            171.4,
            171.5
        ],
        "x_list": [
            0.3066,
            0.3067,
            0.3066
        ],
        "y_list": [
            0.3279,
            0.3279,
            0.3278
        ]
    },
    "P_16": {
        "pixel_value": 215,
        "normalized": 0.8431372549019608,
        "Y_mean": 173.96666666666667,
        "Y_list": [
            173.9,
            174.0,
            174.0
        ],
        "x_list": [
            0.2968,
            0.297,
            0.2969
        ],
        "y_list": [
            0.3117,
            0.3118,
            0.3118
        ]
    },
    "P_17": {
        "pixel_value": 228,
        "normalized": 0.8941176470588236,
        "Y_mean": 175.73333333333335,
        "Y_list": [
            175.7,
            175.7,
            175.8
        ],
        "x_list": [
            0.2914,
            0.2913,
            0.2913
        ],
        "y_list": [
            0.3028,
            0.3025,
            0.3028
        ]
    },
    "P_18": {
        "pixel_value": 242,
        "normalized": 0.9490196078431372,
        "Y_mean": 176.13333333333335,
        "Y_list": [
            175.9,
            176.3,
            176.2
        ],
        "x_list": [
            0.2913,
            0.2915,
            0.2915
        ],
        "y_list": [
            0.3026,
            0.3029,
            0.3028
        ]
    },
    "P_19": {
        "pixel_value": 255,
        "normalized": 1.0,
        "Y_mean": 176.4333333333333,
        "Y_list": [
            176.4,
            176.4,
            176.5
        ],
        "x_list": [
            0.2914,
            0.2912,
            0.2915
        ],
        "y_list": [
            0.3027,
            0.3025,
            0.3027
        ]
    }
}