{
    "P_0": {
        "pixel_value": 0,
        "normalized": 0.0,
        "Y_mean": 0.023666,
        "Y_list": [
            0.02248,
            0.02355,
            0.02649,
            0.02384,
            0.02197
        ],
        "x_list": [
            0.4034,
            0.4045,
            0.4024,
            0.3875,
            0.3824
        ],
        "y_list": [
            0.4443,
            0.4639,
            0.453,
            0.4317,
            0.4276
        ]
    },
    "P_1": {
        "pixel_value": 13,
        "normalized": 0.050980392156862744,
        "Y_mean": 0.19444,
        "Y_list": [
            0.1952,
            0.1959,
            0.1941,
            0.1947,
            0.1923
        ],
        "x_list": [
            0.3483,
            0.3514,
            0.3495,
            0.3488,
            0.3516
        ],
        "y_list": [
            0.3787,
            0.3828,
            0.381,
            0.3817,
            0.3842
        ]
    },
    "P_2": {
        "pixel_value": 27,
        "normalized": 0.10588235294117647,
        "Y_mean": 0.74474,
        "Y_list": [
            0.7493,
            0.7441,
            0.7393,
            0.7459,
            0.7451
        ],
        "x_list": [
            0.3157,
            0.3144,
            0.3151,
            0.3143,
            0.3153
        ],
        "y_list": [
            0.3375,
            0.3362,
            0.3368,
            0.3375,
            0.3375
        ]
    },
    "P_3": {
        "pixel_value": 40,
        "normalized": 0.1568627450980392,
        "Y_mean": 1.8448,
        "Y_list": [
            1.845,
            1.843,
            1.844,
            1.839,
            1.853
        ],
        "x_list": [
            0.3153,
            0.3156,
            0.3153,
            0.3152,
            0.3157
        ],
        "y_list": [
            0.3338,
            0.334,
            0.3336,
            0.3337,
            0.3346
        ]
    },
    "P_4": {
        "pixel_value": 54,
        "normalized": 0.21176470588235294,
        "Y_mean": 3.7217999999999996,
        "Y_list": [
            3.726,
            3.725,
            3.719,
            3.719,
            3.72
        ],
        "x_list": [
            0.3183,
            0.3184,
            0.3183,
            0.3183,
            0.3182
        ],
        "y_list": [
            0.3381,
            0.338,
            0.338,
            0.3382,
            0.3381
        ]
    },
    "P_5": {
        "pixel_value": 67,
        "normalized": 0.2627450980392157,
        "Y_mean": 6.046799999999999,
        "Y_list": [
            6.055,
            6.05,
            6.049,
            6.043,
            6.037
        ],
        "x_list": [
            0.3189,
            0.3192,
            0.3191,
            0.3191,
            0.319
        ],
        "y_list": [
            0.3381,
            0.3383,
            0.3383,
            0.3382,
            0.3381
        ]
    },
    "P_6": {
        "pixel_value": 81,
        "normalized": 0.3176470588235294,
        "Y_mean": 9.3268,
        "Y_list": [
            9.321,
            9.329,
            9.335,
            9.327,
            9.322
        ],
        "x_list": [
            0.3194,
            0.3195,
            0.3192,
            0.3191,
            0.3192
        ],
        "y_list": [
            0.3392,
            0.3394,
            0.3393,
            0.339,
            0.3391
        ]
    },
    "P_7": {
        "pixel_value": 94,
        "normalized": 0.3686274509803922,
        "Y_mean": 12.712,
        "Y_list": [
            12.72,
            12.71,
            12.72,
            12.71,
            12.7
        ],
        "x_list": [
            0.3163,
            0.3164,
            0.3165,
            0.3164,
            0.3164
        ],
        "y_list": [
            0.336,
            0.3359,
            0.336,
            0.3359,
            0.3359
        ]
    },
    "P_8": {
        "pixel_value": 107,
        "normalized": 0.4196078431372549,
        "Y_mean": 17.186,
        "Y_list": [
            17.19,
            17.19,
            17.18,
            17.19,
            17.18
        ],
        "x_list": [
            0.3187,
            0.3187,
            0.3187,
            0.3186,
            0.3185
        ],
        "y_list": [
            0.3388,
            0.3389,
            0.3387,
            0.3386,
            0.3386
        ]
    },
    "P_9": {
        "pixel_value": 121,
        "normalized": 0.4745098039215686,
        "Y_mean": 23.066,
        "Y_list": [
            23.07,
            23.07,
            23.09,
            23.05,
            23.05
        ],
        "x_list": [
            0.3183,
            0.3182,
            0.3184,
            0.3183,
            0.3182
        ],
        "y_list": [
            0.3378,
            0.3376,
            0.3378,
            0.3375,
            0.3375
        ]
    },
    "P_10": {
        "pixel_value": 134,
        "normalized": 0.5254901960784314,
        "Y_mean": 28.748,
        "Y_list": [
            28.74,
            28.75,
            28.76,
            28.74,
            28.75
        ],
        "x_list": [
            0.3178,
            0.3178,
            0.3177,
            0.3179,
            0.3177
        ],
        "y_list": [
            0.3363,
            0.3364,
            0.3365,
            0.3366,
            0.3363
        ]
    },
    "P_11": {
        "pixel_value": 148,
        "normalized": 0.5803921568627451,
        "Y_mean": 35.852000000000004,
        "Y_list": [
            35.84,
            35.86,
            35.85,
            35.86,
            35.85
        ],
        "x_list": [
            0.3188,
            0.3188,
            0.3188,
            0.3189,
            0.3189
        ],
        "y_list": [
            0.3377,
            0.3377,
            0.3377,
            0.3378,
            0.3377
        ]
    },
    "P_12": {
        "pixel_value": 161,
        "normalized": 0.6313725490196078,
        "Y_mean": 43.400000000000006,
        "Y_list": [
            43.41,
            43.37,
            43.39,
            43.42,
            43.41
        ],
        "x_list": [
            0.3192,
            0.3191,
            0.3191,
            0.3192,
            0.3191
        ],
        "y_list": [
            0.3378,
            0.3377,
            0.3376,
            0.3377,
            0.3377
        ]
    },
    "P_13": {
        "pixel_value": 174,
        "normalized": 0.6823529411764706,
        "Y_mean": 51.83599999999999,
        "Y_list": [
            51.79,
            51.82,
            51.84,
            51.89,
            51.84
        ],
        "x_list": [
            0.3195,
            0.3194,
            0.3196,
            0.3194,
            0.3194
        ],
        "y_list": [
            0.3379,
            0.3378,
            0.338,
            0.3379,
            0.3377
        ]
    },
    "P_14": {
        "pixel_value": 188,
        "normalized": 0.7372549019607844,
        "Y_mean": 62.326,
        "Y_list": [
            62.3,
            62.33,
            62.3,
            62.34,
            62.36
        ],
        "x_list": [
            0.3193,
            0.3192,
            0.3192,
            0.3192,
            0.3191
        ],
        "y_list": [
            0.3374,
            0.3373,
            0.3371,
            0.3374,
            0.3373
        ]
    },
    "P_15": {
        "pixel_value": 201,
        "normalized": 0.788235294117647,
        "Y_mean": 73.144,
        "Y_list": [
            73.15,
            73.09,
            73.1,
            73.16,
            73.22
        ],
        "x_list": [
            0.3189,
            0.319,
            0.319,
            0.319,
            0.3189
        ],