{
    "P_0": {
        "pixel_value": 0,
        "normalized": 0.0,
        "Y_mean": 0.01461,
        "Y_list": [
            0.01701,
            0.01337,
            0.01345
        ],
        "x_list": [
            0.496,
            0.5226,
            0.5368
        ],
        "y_list": [
            0.3871,
            0.3843,
            0.377
        ]
    },
    "P_1": {
        "pixel_value": 13,
        "normalized": 0.050980392156862744,
        "Y_mean": 0.07166666666666667,
        "Y_list": [
            0.07447,
            0.06885,
            0.07168
        ],
        "x_list": [
            0.395,
            0.3977,
            0.3951
        ],
        "y_list": [
            0.3955,
            0.3993,
            0.401
        ]
    },
    "P_2": {
        "pixel_value": 27,
        "normalized": 0.10588235294117647,
        "Y_mean": 0.3541,
        "Y_list": [
            0.3548,
            0.3586,
            0.3489
        ],
        "x_list": [
            0.3284,
            0.3273,
            0.3266
        ],
        "y_list": [
            0.351,
            0.351,
            0.3498
        ]
    },
    "P_3": {
        "pixel_value": 40,
        "normalized": 0.1568627450980392,
        "Y_mean": 0.8171666666666666,
        "Y_list": [
            0.8203,
            0.8158,
            0.8154
        ],
        "x_list": [
            0.3224,
            0.3233,
            0.3228
        ],
        "y_list": [
            0.3494,
            0.3499,
            0.3493
        ]
    },
    "P_4": {
        "pixel_value": 54,
        "normalized": 0.21176470588235294,
        "Y_mean": 1.5483333333333331,
        "Y_list": [
            1.547,
            1.549,
            1.549
        ],
        "x_list": [
            0.3209,
            0.3205,
            0.3208
        ],
        "y_list": [
            0.3476,
            0.3474,
            0.3476
        ]
    },
    "P_5": {
        "pixel_value": 67,
        "normalized": 0.2627450980392157,
        "Y_mean": 2.407,
        "Y_list": [
            2.406,
            2.405,
            2.41
        ],
        "x_list": [
            0.319,
            0.319,
            0.3191
        ],
        "y_list": [
            0.3463,
            0.3465,
            0.3464
        ]
    },
    "P_6": {
        "pixel_value": 81,
        "normalized": 0.3176470588235294,
        "Y_mean": 3.5869999999999997,
        "Y_list": [
            3.589,
            3.591,
            3.581
        ],
        "x_list": [
            0.3201,
            0.32,
            0.3202
        ],
        "y_list": [
            0.3476,
            0.3474,
            0.3473
        ]
    },
    "P_7": {
        "pixel_value": 94,
        "normalized": 0.3686274509803922,
        "Y_mean": 4.811333333333333,
        "Y_list": [
            4.816,
            4.81,
            4.808
        ],
        "x_list": [
            0.3198,
            0.3197,
            0.3197
        ],
        "y_list": [
            0.3471,
            0.347,
            0.3469
        ]
    },
    "P_8": {
        "pixel_value": 107,
        "normalized": 0.4196078431372549,
        "Y_mean": 6.294333333333334,
        "Y_list": [
            6.323,
            6.283,
            6.277
        ],
        "x_list": [
            0.32,
            0.32,
            0.3199
        ],
        "y_list": [
            0.3466,
            0.3465,
            0.3467
        ]
    },
    "P_9": {
        "pixel_value": 121,
        "normalized": 0.4745098039215686,
        "Y_mean": 8.248,
        "Y_list": [
            8.244,
            8.246,
            8.254
        ],
        "x_list": [
            0.3207,
            0.3207,
            0.3206
        ],
        "y_list": [
            0.3471,
            0.3472,
            0.3473
        ]
    },
    "P_10": {
        "pixel_value": 134,
        "normalized": 0.5254901960784314,
        "Y_mean": 10.276666666666666,
        "Y_list": [
            10.28,
            10.27,
            10.28
        ],
        "x_list": [
            0.3208,
            0.321,
            0.3209
        ],
        "y_list": [
            0.3471,
            0.3473,
            0.3473
        ]
    },
    "P_11": {
        "pixel_value": 148,
        "normalized": 0.5803921568627451,
        "Y_mean": 12.94,
        "Y_list": [
            12.95,
            12.94,
            12.93
        ],
        "x_list": [
            0.3209,
            0.3208,
            0.3209
        ],
        "y_list": [
            0.3475,
            0.3474,
            0.3474
        ]
    },
    "P_12": {
        "pixel_value": 161,
        "normalized": 0.6313725490196078,
        "Y_mean": 15.78,
        "Y_list": [
            15.77,
            15.79,
            15.78
        ],
        "x_list": [
            0.32,
            0.3201,
            0.3201
        ],
        "y_list": [
            0.3465,
            0.3466,
            0.3466
        ]
    },
    "P_13": {
        "pixel_value": 174,
        "normalized": 0.6823529411764706,
        "Y_mean": 18.83,
        "Y_list": [
            18.82,
            18.83,
            18.84
        ],
        "x_list": [
            0.3187,
            0.3186,
            0.3185
        ],
        "y_list": [
            0.3455,
            0.3454,
            0.3455
        ]
    },
    "P_14": {
        "pixel_value": 188,
        "normalized": 0.7372549019607844,
        "Y_mean": 22.453333333333333,
        "Y_list": [
            22.42,
            22.46,
            22.48
        ],
        "x_list": [
            0.317,
            0.3171,
            0.3169
        ],
        "y_list": [
            0.343,
            0.3432,
            0.3432
        ]
    },
    "P_15": {
        "pixel_value": 201,
        "normalized": 0.788235294117647,
        "Y_mean": 24.906666666666666,
        "Y_list": [
            24.89,
            24.92,
            24.91
        ],
        "x_list": [
            0.3111,
            0.3111,
            0.3108
        ],
        "y_list": [
            0.3405,
            0.3405,
            0.3402
        ]
    },
    "P_16": {
        "pixel_value": 215,
        "normalized": 0.8431372549019608,
        "Y_mean": 25.28,
        "Y_list": [
            25.26,
            25.27,
            25.31
        ],
        "x_list": [
            0.3015,
            0.3015,
            0.3015
        ],
        "y_list": [
            0.3246,
            0.3244,
            0.3247
        ]
    },
    "P_17": {
        "pixel_value": 228,
        "normalized": 0.8941176470588236,
        "Y_mean": 25.52,
        "Y_list": [
            25.51,
            25.5,
            25.55
        ],
        "x_list": [
            0.296,
            0.2959,
            0.296
        ],
        "y_list": [
            0.3156,
            0.3153,
            0.3153
        ]
    },
    "P_18": {
        "pixel_value": 242,
        "normalized": 0.9490196078431372,
        "Y_mean": 25.580000000000002,
        "Y_list": [
            25.56,
            25.58,
            25.6
        ],
        "x_list": [
            0.296,
            0.2959,
            0.2961
        ],
        "y_list": [
            0.3154,
            0.3154,
            0.3154
        ]
    },
    "P_19": {
        "pixel_value": 255,
        "normalized": 1.0,
        "Y_mean": 25.603333333333335,
        "Y_list": [
            25.59,
            25.62,
            25.6
        ],
        "x_list": [
            0.296,
            0.296,
            0.2957
        ],
        "y_list": [
            0.3152,
            0.3154,
            0.315
        ]
    }
}