{
    "P_0": {
        "pixel_value": 0,
        "normalized": 0.0,
        "Y_mean": 0.032016666666666665,
        "Y_list": [
            0.03007,
            0.03199,
            0.03399
        ],
        "x_list": [
            0.4521,
            0.4568,
            0.4519
        ],
        "y_list": [
            0.4001,
            0.4321,
            0.4297
        ]
    },
    "P_1": {
        "pixel_value": 13,
        "normalized": 0.050980392156862744,
        "Y_mean": 0.44070000000000004,
        "Y_list": [
            0.4411,
            0.4439,
            0.4371
        ],
        "x_list": [
            0.348,
            0.3475,
            0.3482
        ],
        "y_list": [
            0.3675,
            0.3663,
            0.3646
        ]
    },
    "P_2": {
        "pixel_value": 27,
        "normalized": 0.10588235294117647,
        "Y_mean": 2.3653333333333335,
        "Y_list": [
            2.373,
            2.364,
            2.359
        ],
        "x_list": [
            0.3141,
            0.3134,
            0.3132
        ],
        "y_list": [
            0.3307,
            0.3307,
            0.3304
        ]
    },
    "P_3": {
        "pixel_value": 40,
        "normalized": 0.1568627450980392,
        "Y_mean": 5.450333333333333,
        "Y_list": [
            5.497,
            5.434,
            5.42
        ],
        "x_list": [
            0.314,
            0.314,
            0.3139
        ],
        "y_list": [
            0.333,
            0.3327,
            0.3327
        ]
    },
    "P_4": {
        "pixel_value": 54,
        "normalized": 0.21176470588235294,
        "Y_mean": 10.37,
        "Y_list": [
            10.39,
            10.37,
            10.35
        ],
        "x_list": [
            0.3142,
            0.3142,
            0.3141
        ],
        "y_list": [
            0.3327,
            0.3328,
            0.3325
        ]
    },
    "P_5": {
        "pixel_value": 67,
        "normalized": 0.2627450980392157,
        "Y_mean": 16.12333333333333,
        "Y_list": [
            16.13,
            16.13,
            16.11
        ],
        "x_list": [
            0.3136,
            0.3137,
            0.3137
        ],
        "y_list": [
            0.3325,
            0.3327,
            0.3329
        ]
    },
    "P_6": {
        "pixel_value": 81,
        "normalized": 0.3176470588235294,
        "Y_mean": 24.143333333333334,
        "Y_list": [
            24.16,
            24.16,
            24.11
        ],
        "x_list": [
            0.3151,
            0.3151,
            0.3151
        ],
        "y_list": [
            0.334,
            0.334,
            0.3339
        ]
    },
    "P_7": {
        "pixel_value": 94,
        "normalized": 0.3686274509803922,
        "Y_mean": 33.373333333333335,
        "Y_list": [
            33.38,
            33.36,
            33.38
        ],
        "x_list": [
            0.315,
            0.3151,
            0.3151
        ],
        "y_list": [
            0.3336,
            0.3338,
            0.3339
        ]
    },
    "P_8": {
        "pixel_value": 107,
        "normalized": 0.4196078431372549,
        "Y_mean": 44.14000000000001,
        "Y_list": [
            44.16,
            44.09,
            44.17
        ],
        "x_list": [
            0.3156,
            0.3154,
            0.3156
        ],
        "y_list": [
            0.3339,
            0.3337,
            0.3339
        ]
    },
    "P_9": {
        "pixel_value": 121,
        "normalized": 0.4745098039215686,
        "Y_mean": 58.21666666666667,
        "Y_list": [
            58.23,
            58.21,
            58.21
        ],
        "x_list": [
            0.3164,
            0.3163,
            0.3162
        ],
        "y_list": [
            0.3343,
            0.3342,
            0.3342
        ]
    },
    "P_10": {
        "pixel_value": 134,
        "normalized": 0.5254901960784314,
        "Y_mean": 72.68666666666667,
        "Y_list": [
            72.62,
            72.75,
            72.69
        ],
        "x_list": [
            0.3167,
            0.3168,
            0.3167
        ],
        "y_list": [
            0.3345,
            0.3347,
            0.3345
        ]
    },
    "P_11": {
        "pixel_value": 148,
        "normalized": 0.5803921568627451,
        "Y_mean": 91.48,
        "Y_list": [
            91.43,
            91.47,
            91.54
        ],
        "x_list": [
            0.3166,
            0.3167,
            0.3167
        ],
        "y_list": [
            0.3344,
            0.3347,
            0.3347
        ]
    },
    "P_12": {
        "pixel_value": 161,
        "normalized": 0.6313725490196078,
        "Y_mean": 110.7,
        "Y_list": [
            110.6,
            110.7,
            110.8
        ],
        "x_list": [
            0.3159,
            0.3159,
            0.3159
        ],
        "y_list": [
            0.3337,
            0.3337,
            0.3338
        ]
    },
    "P_13": {
        "pixel_value": 174,
        "normalized": 0.6823529411764706,
        "Y_mean": 131.29999999999998,
        "Y_list": [
            131.2,
            131.2,
            131.5
        ],
        "x_list": [
            0.3142,
            0.3142,
            0.3143
        ],
        "y_list": [
            0.3324,
            0.3324,
            0.3325
        ]
    },
    "P_14": {
        "pixel_value": 188,
        "normalized": 0.7372549019607844,
        "Y_mean": 154.6,
        "Y_list": [
            154.6,
            154.5,
            154.7
        ],
        "x_list": [
            0.3133,
            0.3131,
            0.3132
        ],
        "y_list": [
            0.3307,
            0.3308,
            0.3307
        ]
    },
    "P_15": {
        "pixel_value": 201,
        "normalized": 0.788235294117647,
        "Y_mean": 171.23333333333335,
        "Y_list": [
            171.1,
            171.3,
            171.3
        ],
        "x_list": [
            0.3067,
            0.3067,
            0.3065
        ],
        "y_list": [
            0.3279,
            0.328,
            0.3276
        ]
    },
    "P_16": {
        "pixel_value": 215,
        "normalized": 0.8431372549019608,
        "Y_mean": 173.83333333333334,
        "Y_list": [
            173.7,
            173.8,
            174.0
        ],
        "x_list": [
            0.297,
            0.2971,
            0.297
        ],
        "y_list": [
            0.312,
            0.3121,
            0.3121
        ]
    },
    "P_17": {
        "pixel_value": 228,
        "normalized": 0.8941176470588236,
        "Y_mean": 175.6,
        "Y_list": [
            175.5,
            175.7,
            175.6
        ],
        "x_list": [
            0.2915,
            0.2915,
            0.2914
        ],
        "y_list": [
            0.3029,
            0.3028,
            0.3027
        ]
    },
    "P_18": {
        "pixel_value": 242,
        "normalized": 0.9490196078431372,
        "Y_mean": 175.96666666666667,
        "Y_list": [
            175.9,
            176.0,
            176.0
        ],
        "x_list": [
            0.2915,
            0.2913,
            0.2915
        ],
        "y_list": [
            0.303,
            0.3026,
            0.3029
        ]
    },
    "P_19": {
        "pixel_value": 255,
        "normalized": 1.0,
        "Y_mean": 176.23333333333335,
        "Y_list": [
            176.1,
            176.3,
            176.3
        ],
        "x_list": [
            0.2914,
            0.2915,
            0.2914
        ],
        "y_list": [
            0.3029,
            0.3028,
            0.3028
        ]
    }
}