{
    "P_0": {
        "pixel_value": 0,
        "normalized": 0.0,
        "Y_mean": 0.007051000000000001,
        "Y_list": [
            0.009013,
            0.005697,
            0.006443
        ],
        "x_list": [
            0.5476,
            0.617,
            0.5963
        ],
        "y_list": [
            0.3482,
            0.3521,
            0.3819
        ]
    },
    "P_1": {
        "pixel_value": 13,
        "normalized": 0.050980392156862744,
        "Y_mean": 0.411,
        "Y_list": [
            0.4133,
            0.4118,
            0.4079
        ],
        "x_list": [
            0.3453,
            0.3451,
            0.3467
        ],
        "y_list": [
            0.3608,
            0.3619,
            0.3624
        ]
    },
    "P_2": {
        "pixel_value": 27,
        "normalized": 0.10588235294117647,
        "Y_mean": 2.3633333333333333,
        "Y_list": [
            2.369,
            2.361,
            2.36
        ],
        "x_list": [
            0.3137,
            0.3136,
            0.3141
        ],
        "y_list": [
            0.3307,
            0.3308,
            0.331
        ]
    },
    "P_3": {
        "pixel_value": 40,
        "normalized": 0.1568627450980392,
        "Y_mean": 5.504666666666666,
        "Y_list": [
            5.506,
            5.499,
            5.509
        ],
        "x_list": [
            0.3144,
            0.3141,
            0.3144
        ],
        "y_list": [
            0.333,
            0.3329,
            0.3333
        ]
    },
    "P_4": {
        "pixel_value": 54,
        "normalized": 0.21176470588235294,
        "Y_mean": 10.49,
        "Y_list": [
            10.51,
            10.47,
            10.49
        ],
        "x_list": [
            0.3147,
            0.3147,
            0.3146
        ],
        "y_list": [
            0.3332,
            0.3332,
            0.3334
        ]
    },
    "P_5": {
        "pixel_value": 67,
        "normalized": 0.2627450980392157,
        "Y_mean": 16.30666666666667,
        "Y_list": [
            16.31,
            16.3,
            16.31
        ],
        "x_list": [
            0.3141,
            0.3143,
            0.3141
        ],
        "y_list": [
            0.3329,
            0.333,
            0.3329
        ]
    },
    "P_6": {
        "pixel_value": 81,
        "normalized": 0.3176470588235294,
        "Y_mean": 24.47,
        "Y_list": [
            24.47,
            24.48,
            24.46
        ],
        "x_list": [
            0.3155,
            0.3155,
            0.3155
        ],
        "y_list": [
            0.3344,
            0.3343,
            0.3341
        ]
    },
    "P_7": {
        "pixel_value": 94,
        "normalized": 0.3686274509803922,
        "Y_mean": 33.833333333333336,
        "Y_list": [
            33.81,
            33.87,
            33.82
        ],
        "x_list": [
            0.3156,
            0.3154,
            0.3155
        ],
        "y_list": [
            0.3342,
            0.3341,
            0.3339
        ]
    },
    "P_8": {
        "pixel_value": 107,
        "normalized": 0.4196078431372549,
        "Y_mean": 44.9,
        "Y_list": [
            44.87,
            44.9,
            44.93
        ],
        "x_list": [
            0.3159,
            0.3159,
            0.316
        ],
        "y_list": [
            0.3341,
            0.334,
            0.3339
        ]
    },
    "P_9": {
        "pixel_value": 121,
        "normalized": 0.4745098039215686,
        "Y_mean": 59.29333333333333,
        "Y_list": [
            59.25,
            59.27,
            59.36
        ],
        "x_list": [
            0.3168,
            0.3167,
            0.3167
        ],
        "y_list": [
            0.3345,
            0.3345,
            0.3345
        ]
    },
    "P_10": {
        "pixel_value": 134,
        "normalized": 0.5254901960784314,
        "Y_mean": 74.03333333333335,
        "Y_list": [
            73.94,
            74.04,
            74.12
        ],
        "x_list": [
            0.3171,
            0.317,
            0.3171
        ],
        "y_list": [
            0.3345,
            0.3345,
            0.3346
        ]
    },
    "P_11": {
        "pixel_value": 148,
        "normalized": 0.5803921568627451,
        "Y_mean": 93.25,
        "Y_list": [
            93.25,
            93.28,
            93.22
        ],
        "x_list": [
            0.3169,
            0.317,
            0.317
        ],
        "y_list": [
            0.3348,
            0.3347,
            0.3348
        ]
    },
    "P_12": {
        "pixel_value": 161,
        "normalized": 0.6313725490196078,
        "Y_mean": 113.09999999999998,
        "Y_list": [
            113.1,
            113.1,
            113.1
        ],
        "x_list": [
            0.3162,
            0.3163,
            0.3162
        ],
        "y_list": [
            0.334,
            0.3338,
            0.3339
        ]
    },
    "P_13": {
        "pixel_value": 174,
        "normalized": 0.6823529411764706,
        "Y_mean": 134.29999999999998,
        "Y_list": [
            134.2,
            134.3,
            134.4
        ],
        "x_list": [
            0.3146,
            0.3145,
            0.3146
        ],
        "y_list": [
            0.3326,
            0.3327,
            0.3326
        ]
    },
    "P_14": {
        "pixel_value": 188,
        "normalized": 0.7372549019607844,
        "Y_mean": 156.36666666666667,
        "Y_list": [
            156.2,
            156.4,
            156.5
        ],
        "x_list": [
            0.3134,
            0.3134,
            0.3133
        ],
        "y_list": [
            0.3307,
            0.3307,
            0.3307
        ]
    },
    "P_15": {
        "pixel_value": 201,
        "normalized": 0.788235294117647,
        "Y_mean": 172.66666666666666,
        "Y_list": [
            172.6,
            172.7,
            172.7
        ],
        "x_list": [
            0.3068,
            0.3069,
            0.3069
        ],
        "y_list": [
            0.3279,
            0.3278,
            0.3279
        ]
    },
    "P_16": {
        "pixel_value": 215,
        "normalized": 0.8431372549019608,
        "Y_mean": 175.4333333333333,
        "Y_list": [
            175.3,
            175.5,
            175.5
        ],
        "x_list": [
            0.2974,
            0.2975,
            0.2973
        ],
        "y_list": [
            0.3123,
            0.3123,
            0.312
        ]
    },
    "P_17": {
        "pixel_value": 228,
        "normalized": 0.8941176470588236,
        "Y_mean": 177.20000000000002,
        "Y_list": [
            177.1,
            177.1,
            177.4
        ],
        "x_list": [
            0.2918,
            0.2917,
            0.2918
        ],
        "y_list": [
            0.303,
            0.3028,
            0.3029
        ]
    },
    "P_18": {
        "pixel_value": 242,
        "normalized": 0.9490196078431372,
        "Y_mean": 177.63333333333333,
        "Y_list": [
            177.6,
            177.7,
            177.6
        ],
        "x_list": [
            0.2918,
            0.2919,
            0.2918
        ],
        "y_list": [
            0.3029,
            0.3031,
            0.3028
        ]
    },
    "P_19": {
        "pixel_value": 255,
        "normalized": 1.0,
        "Y_mean": 178.0333333333333,
        "Y_list": [
            177.9,
            178.0,
            178.2
        ],
        "x_list": [
            0.2917,
            0.2918,
            0.2917
        ],
        "y_list": [
            0.303,
            0.303,
            0.3031
        ]
    }
}